unittitle	word	ratio
Bapaume, Peufier dit	Pommery, Gabriel dit La Champignère	86
Durand,Jean	Durand, Jean	96
Duranteau,la nommée	Duranteau, la nommée	97
Durivaud (Alias Du Rivau,Du Rivaux	Durivaud	90
Duroulet,Delle	Duroulet, Demoiselle	82
Dusablé,veuve et sa mère	Dusablé, veuve et sa mère	98
Dussault (alias Dusault)	Dusault	90
Duthora	Duthoya	86
Duverdet,la nommée	Duverdet, la nommée	97
Esmon (alias Edmond)	Esmon	90
Etienne de Chamflorie	Etienne de Champflour	90
Farcot,Elisabeth	Farcot, Elisabeth	97
Faurès,Antoine	Faurès, Antoine	96
Fenelon	E	90
Ferrié (alias Le Ferrier)	Ferrier	90
Fichon,Pierre	Fichon, Pierre	96
Folleville,sieur de	Folleville, sieur de	97
Fontaine,François dit Saint Orange	François	90
Fonteneau (alias Fontenau)	Fonteneau	90
Forestier,veuve	Forestier, veuve	97
Fortunezay,Brigaud de	Fortunezay, Brigaud de	98
Fouras,sieur de	Fouras, sieur de	97
Fourment,Chevalier de	Fourment, Chevalier de	98
Fourneau,Jacques	Fourneau, Jacques	97
Fournier,Jean-Pierre	Fournier, Jean-Pierre	98
Francy,sieur de	Francy, sieur de	97
Frappé,Pierre	Frappé, Pierre	96
Fremy,dit Bel-air	Remy	90
Friquet,Dame	Friquet, Dame	96
Froulay,sieur de	Froulay, sieur de	97
Gabet,Melle	Gabet	90
Gache,Pierre	Gache, Pierre	96
Galet,la femme	La Fée	90
Galliffet,sieur de	Galliffet, sieur de	97
Galocheau,Marie	Galocheau, Marie	97
Gannes,sieur de	Gannes, sieur de	97
Gardet,veuve	Gardet, veuve	96
Garnier,Jean	Garnier, Jean	96
Gastebois,demoiselle (alias Gattebois)	Gastebois	90
Gaudin,dit Beaulieu	Beaulieu	90
Gaudy,Jean dit Delorme	Delorme	90
Gaulier,Louis	Gaulier, Louis	96
Gaulin,Marie-Thérèse	Gaulin, Marie-Thérèse	97
Gautier,Alexandre	Gautier, Alexandre	97
Gautier,l'Abbé	Gautier, l'Abbé	96
Gautier,Louis	Gautier, Louis	96
Geay,Marthe	Geay, Marthe	96
Geneteau (alias Genneteau)	Geneteau	90
Gennes,Madame de	Gennes, Madame de	97
Gennes de Bourchevreuil,sieur de	Gennes de Bourchevreuil, sieur de	98
Germé,frères	Germé, frères	95
Gibanel,sieur de	Gibanel, sieur de	97
Gillet,Jean	Gillet, Jean	96
Glénisson,la nommée	Glénisson, la nommée	97
Godefroy,Henry	Godefroy, Henry	97
Gombaud de La Croix,Delle	Gombaud	90
Gouchon,Suzanne	Gouchon, Suzanne	97
Goupll	Goupil	83
Gourreau (alias Gouraud)	Gourreau	90
Gourville-Tivas,sieur de	Gourville-Tivas, sieur de	98
Gouye,le P.jésuite	Gouye, le père jésuite	92
Grailly,Chevalier de	Grailly, Chevalier de	98
Grandmaison,la nommée	Grandmaison, la nommée	98
Grandpré,monsieur de	Grandpré, monsieur de	97
Grandville,sieur de	Grandville, sieur de	97
Grasse,Melle de	Baroire, le président de	86
Green,demoiselle	Green, demoiselle	97
Grenon,père et fils	Grenon, père et fils	97
Griffolet,sieur de	Griffolet, Sieur de	97
Grimouville,sieur de	Grimouville, sieur de	98
Grivolière,sieur de	Grivolière, sieur de	97
Groizeau,Jean	Groizeau, Jean	96
Grootes,Henry	Grootes, Henry	96
Grosset,Jean	Grosset, Jean	96
Guerville,Poulain de	Guerville, Poulain de	98
Guesne (alias Guines)	Guesne	90
Guetteau,sieur de	Guetteau, sieur de	97
Guibaud,Samuel	Guibaud, Samuel	97
Guichet,Marie	Guichet, Marie	96
Guillard,Gilles	Guillard, Gilles	97
Guillemin,Esther	Guillemin, Esther	97
Guillou,Pierre	Guillou, Pierre	97
Guillyn,Norbert	Guillyn, Norbert	97
Gusman,Fernando	Gusman, Fernando	97
Guymet,Charles	Guymet, Charles	97
Hartogue Corneille de	Hartogue, Corneille de	98
Hazeur;Pierre	Hazeur, Pierre	96
Heen,de	Heen, de	95
Henry,frère	Henry, frère	95
Hérault,Nicolas	Hérault, Nicolas	97
Herry,Sarah,dite Du Plessis	Herry, Sarah dite Du Plessis	98
Jaboin,Sarah	Jaboin, Sarah	96
Jacob,Thomas	Jacob, Thomas	96
Joannet,Pierre	Joannet, Pierre	97
Joyaux,Abraham	Joyaux, Abraham	97
Kerderf,madame Richer de	Kerderf, madame Richer de	98
Labarberye-Malville,sieur de	Labarberye-Malville, sieur de	98
Labarbinays,sieur de	Labarbinays, sieur de	98
Labastide,sieur de	Labastide, sieur de	97
Labastierre,Doriveau de	Labastierre, Doriveau de	98
Labellefont,Dame de	Labellefont, dame 	95
Labelette,Comte de	Labelette, comte de	97
Laboissière-Fénis,sieur de	Laboissière-Fénis, sieur de	98
Labonnemelle,sieur de	Labonnemelle, sieur de	98
Labossaye,Jean de	Labossaye, Jean de	97
Laboularderie,Girardin de	Laboularderie, Girardin de	98
Laborde,Melle de	Laborde, de	95
Labretèche,Melle	Dupassage, Melle Esther	86
Labriffe,monsieur de	Labriffe, monsieur de	98
Labrosse,sieur de	Labrosse, sieur de	97
Labrunière,sieur de	Labrunière, sieur de	97
Labruyère du Coudray,sieur de	Labruyère du Coudray, sieur de	98
Lacapmesure,sieur de	Lacapmesure, sieur de	98
Lacetierre,Florent de 	Lacetièrre, Florent de 	95
Lachassaigne,sieur de	Lachassaigne, sieur de	98
Lachasseraye,sieur de	Lachasseraye, sieur de	98
Lachauverie,monsieur de	Lachauverie, monsieur de	98
Lacherpentrie	Lacherpenterie	96
Lachesnaye,sieur de	Lachesnaye, sieur de	97
Lachesnaye,le cadet	Lachesnaye, le cadet	97
Lachevalerie de la Mothe,sieur de	Lachevalerie de la Mothe, sieur de	99
Lacité-Danican,sieur de	Lacité-Danican, sieur de	98
Laclocheterie,sieur de	Laclocheterie, sieur de	98
Lacourtaudière,sieur de	Lacourtaudière, sieur de	98
Lafaye,Pierre	Lafaye, Pierre	96
Lafilière,sieur de	Lafilière, sieur de	97
Lafon,François	Lafon, François	96
Laforest,sieur de	Laforest, sieur de	97
Lafrégonnière,sieur de	Lafrégonnière, sieur de	98
Lagalissonnière,sieur de	Lagalissonnière, sieur de	98
Lagarde-Jazier,sieur de	Lagarde-Jazier, sieur de	98
Lagastienière,sieur de	Lagastiènière, sieur de	95
Lagny,sieur de	Lagny, sieur de	97
Lagrange-Chancel,sieur de	Lagrange-Chancel, sieur de	98
Lagrange,sieur de	Lagrange, sieur de	97
Lagrifoûil	Lagrifoüil	100
Lagrossinière,sieur de	Gros	90
Lahante,Dame de	Lahante, dame de	97
Lahautemaison,sieur de	Lahautemaison, sieur de	98
Lajonquière,de	Lajonquière, de	96
Lallier,de	Lallier, de	95
Lamadeleine,sieur de	Lamadeleine, sieur de	98
Lamaignière,veuve de	Lamaignière, veuve de	97
Lamainferme,demoiselle de Laborde	Lamainferme, demoiselle de Laborde	99
Lamalmaison,monsieur de	Lamalmaison, monsieur de	98
Lamare de Caen	Lamarre de Caen	97
Lamirande,sieur de	Lamirande, sieur de	97
Lamoinerie-Miniac,sieur de	Lamoinerie-Miniac, sieur de	98
Lamorlière,sieur de	Lamorlière, sieur de	97
Lamothe,Mademoiselle de	Selle de	90
Lamothe-Cadillac,sieur de	Lamothe-Cadillac, sieur de	98
Lamothe-d'Eyran,sieur de	Lamothe d'Eyran, sieur de	98
Lamothe-Guérin,sieur de	Lamothe-Guérin, sieur de	98
Lange,Julien	Lange, Julien	96
Langeville,Daudibert de	Langeville ,Daudibert de	98
Langlade,sieur de	Langlade, sieur de	97
Langlais,Daniel	Langlais, Daniel	97
Lanion,monsieur de	Lanion, monsieur de	97
Lanoue,monsieur de	Noué	90
Lapigeonnière,des Chandeliers de	Lapigeonnière des Chandeliers de	100
Laplace,Puiguerant de	Laplace, Puiguerant de	98
Lapommeraye,sieur de	Lapommeraye, sieur de	98
Laporte,sieur de	Laporte, sieur de	97
Laporte,seigneur	Laporte, seigneur	97
Lapoterie,sieur de	Lapoterie, Sieur de	97
Lapoupelière,sieur de	Lapoupelière, Sieur de	98
Larichardière,sieur de	Larichardière, sieur de	98
Larigaudière Froger,sieur de	Larigaudière Froger, sieur de	98
Larivagerie,Viette de	Larivagerie, Viette de	98
Larochalard,sieur de	Larochalard, sieur de	98
Larochalart,sieur de	Larochalar, sieur de	95
Laroche,Pierre	Laroche, Pierre	97
Laroche Brochard,Madame de	Laroche Brochard, madame de	98
Laroche Courbon,demoiselle de	Laroche Courbon, demoiselles de	97
Laroche Saint-André,sieur de	Laroche Saint-André, sieur de	98
Laronce,sieur de	Laronce, sieur de	97
Laronde,sieur de	Laronde, Sieur de	97
La Ronde Denis,sieur de	La Ronde-Denis, sieur de	98
Laroque Persin,sieur de	Laroque Persin, sieur de	98
Laroullais;sieur de	Laroullais, sieur de	97
Lartaignac,sieur de	Lartaignac, sieur de	97
Laruffinière,sieur de	Laruffinière, sieur de	98
Laruffinière,Thébaud de	Laruffinière, Thébaud de	98
Lasalle,Chevalier de	Lasalle, chevallier de	95
Lasalle Vaumondoit,sieur de	Lasalle Vaumondois, sieur de	95
Lasausaye,Chevalier de	Lasausaye Chevalier de	100
Lasauvagère,de	Lasauvagère de	100
Laserre,Madame	Laserre, madame	97
Lasse,sieur de	Lasse, sieur de	97
Lasuze,sieur Reverend de	Lasuze, sieur Réverend de	96
Latour,sieur de	Latour, sieur de	97
Latour,Dame de	Latour, dame de	97
Latour,Jacques de	Latour, Jacques de	97
Latour,Pierre	Latour, Pierre	96
Latour Landry,sieur de	Latour Landry, sieur de	98
Launay,Madame de	Launay, madame de 	97
Launay,sieur de	Launay, Sieur de	97
Laur,Comte de	Laur, comte de	96
Laur,Chevalier de	Laur, chevalier de 	97
Laur,Baron de	Baron de Laur	95
Lauzon,veuve de	Lauzon, veuve de	97
Laval,Chevalier de	Laval, chevalier	95
Lavau St Etienne	Lavau Saint-Etienne	91
Lavieuville,demoiselle	Lavieuville, demoiselle	98
Lavoux,sieur de	Lavoux, sieur de	97
Lebigot,Jacques	Lebigot, Jacques	97
Leblanc,Père Jésuite	Leblanc	90
Lechat,Jacques	Lechat, Jacques	97
Leclerc-Duguesteau	Leclerc-Duguerteau	94
Leclerc,veuve	Leclerc, veuve	96
Ledantec,Bernard	Ledantec, Bernard	97
Lefébure,Marie	Lefébure, Marie	96
Lefêvre de Chassenay	Lefèvre de Chassenay	100
Legourd,André	Legourd, André	96
Lemayrat (alias le Mairat,le Meyrat)	Lemayrat, alias le Mairat ou le Mayrat	93
Lepine Danican	Lepine-Danican	100
Leroy de La Potterie	Leroy de la Potterie	100
Leroux,veuve	Leroux, veuve	96
Lescorce,sieur de	Lescorce, sieur de	97
Lescot,Jean	Lescot, Jean	96
Lespinay,sieur de	Lespinay, sieur de	97
L'estry (alias Listrek-Vrai nom:Lestrille)	L'Estry	90
Letac,Marguerite	Letac, Marguerite	97
Létenduère,sieur de	Létenduère, sieur de	97
Letur,sieur de	Letur, sieur de	97
Levaillant,Charles	Levaillant, Charles	97
L'hermitte	L'Hermitte	100
L'hostellier	L'Hostellier	100
Lignon,de	Lignon, de	95
Ligondez,sieur de	Ligondez, sieur de	97
Lionsac,monsieur de	Lionsac, monsieur de	97
Lisle,Madame de	Lisle, madame de	97
Livernan,sieur de	Livernan, Sieur de	97
Logivière,de	Logivière de	100
Longchamps,sieur de	Longchamps, sieur de	97
Longueuil,sieur de	Longueuil, sieur de	97
Lopez de Paès,Antoine	Lopez de Paès, Antoine	98
Loppinot,Jean-Chrysostome	Loppinot, Jean-Chrysotome	96
Lostange,sieur de	Lostange, sieur de	97
Louvigny,sieur de	Louvigny, Sieur de	97
Lubert,Louis de	Lubert, Louis de	97
Lumeau,Marguerite,veuve	Lumeau, Marguerite	95
Lusançay,sieur de (alias Luzançay)	Lusançay, sieur de (alias Luzançay)	98
Lusignan,sieur de	Lusignan, sieur de	97
Macarel,Jean	Macarel ,Jean	96
Machors,l'abbé	Machors, l'abbé	96
Machoy,l'abbé (voir Machon)	Machoy, l'abbé (voir Machon)	98
Mainguin,Jacques	Mainguin, Jacques	97
Malvau,sieur de	Malvau, sieur de	97
Malville,sieur de La Barberie de (alias Maleville)	Malville, sieur de La Barberie de (alias Maleville)	99
Manquartier,François (alias Mancartier)	Manquartier, François (alias Mancartier)	99
Marcillac,sieur de (alias Marsillac)	Marcillac, sieur de (alias Marsillac)	99
Mareuil,dame de	Mareuil, dame de	97
Marie,François	Marie, François	96
Marigny,sieur de	Marigny, sieur de	97
Marois,Elisabeth	Marois ,Elisabeth	97
Martel,Madame de	Martel, madame de	97
Martel,sieur de	Martel, Sieur de	97
Martin,Louis	Martin, Louis	96
Martin,Nicolas	Martin, Nicolas	97
Martin,François	Martin, François	97
Martin de Fonclou	Martin de Fonclose	91
Massey,Fr-Thérèse	Massey,Fr.-Thérèse	97
Massiot,veuve	Massiot, veuve	96
Masson,dame	Masson Dame	100
Mauclerc Du Péré	Mauclerc du Péré	100
Maudin,Jean dit l'Espérance	Maudin, Jean dit l'Espérance	98
Maule,Logivière de	Maule, Logivière de	97
Maupéou,Chevalier de	Maupéou, chevalier de	97
Maurat,veuve	Maurat, veuve	96
Maurville,sieur de	Maurville, sieur de	97
Mauzé,Gabriel	Mauzé, Gabriel	96
Meillat,Nicolas dit Sans-Crainte	Meillat, Nicolas dit Sans-Crainte	98
Méneleau,Jean	Méneleau, Jean	96
Menou,les frères	Menou, frères	95
Mereuil,sieur de	Mereuil, sieur de	97
Mesle,l'abbé	Mesle, l'abbé	96
Meunier,Jean	Meunier ,Jean	96
Mianne,sieur de	Mianne, sieur de	97
Minvielle,sieur de	Minvielle, sieur de	97
Miossens,Comtesse de	Miossens, comtesse de	98
Miraillet,demoiselle	Miraillet, demoiselles	95
Mitifeu;Jean	Mitifeu, Jean	96
Modieu,sieur de	Modieu ,sieur de	97
Montgeron,sieur de	Montgeron, sieur de	97
Montgrué,sieur de	Montgrué, sieur de	97
Montholon,sieur de	Montholon, sieur de	97
Monthulé,de	Monthulé, de	95
Montlaur,Chevalier de	Montlaur, chevalier de	98
Montrevel,Maréchal de	Montrevel, maréchal de	98
Montrioux,Chevalier de	Montrioux, chevalier de	98
Montsoreau,Comte de	Montsoreau, comte de	97
Montviel,Chevalier de	Montviel, chevalier de	98
Morat,François,dit Saint Louan	Morat, François dit Saint Louan	98
Moreau,Pierre	Moreau, Pierre	96
Moreau,Hector	Moreau, Hector	96
Morienne,Dame	Morienne, dame	96
Mornac,Comte de	Mornac, comte de	97
Mortemart,Duc de	Mortemart, Duc de	97
Mothe,Melle de (voir Lamothe)	Lamothe	90
Mouchard,veuve	Mouchard, veuve	97
Mounier,Jean	Mounier, Jean	96
Moyencourt,sieur de	Moyencourt, Sieur de	97
Murat,sieur de	Murat, sieur de	97
Mustelier,veuve	Mustelier, veuve	97
Naudin,Jean	Naudin, Jean	96
Naurois,sieur de	Naurois, sieur de	97
Navarrot,Jean	Navarrot, Jean	96
Neau,Charles	Neau, Charles	96
Neuville,sieur de	Neuville, sieur de	97
Neuville,de	Neuville de	100
Nezereau,veuve Massiot	Nezereau, veuve Massiot	98
Niorderie,sieur de	Desclouzeaux, Hubert de Champy	86
Noé,Chevalier de	Noé Chevalier de	100
Noêl,Philippe	Noël, Philippe	96
Nogent,sieur de 	Nogent, sieur de 	97
Nolinos,sieur de	Nolinos, sieur de	97
Nordink,veuve	Nordink ,veuve	96
Noré,demoiselle de	Noré, demoiselle de	97
Noyan,Chairy de	Noyan, Chavry de	90
Noyé,Pierre	Noyé, Pierre	95
Orteaux, Dame Elisabeth	Orteaux, dame Elisabeth	100
Parage, Sieur de	Parage, sieur de	100
Pesclavé, Sieur des bois	Pesclavé, sieur des bois	100
Pesseville, Sieur de	Pesseville, sieur de	100
Pichon, Veuve	Pichon, veuve	100
Pionsac, Sieur de (alias Pionsat)	Pionsac, sieur de (alias Pionsat)	100
Polignac, Sieur de	Polignac, sieur de	100
Pompadour, Monsieur de	Pompadour, monsieur de	100
Pons, Sieur de	Pons, sieur de	100
Pontac, Sieur de	Pontac, sieur de	100
Pontchartrain, Comte de	Pontchartrain, comte de	100
Pontmarois, Sieur de	Pontmarois, sieur de	100
Priée, Sieur de	Priée, sieur de	100
Putigny, Chevalier de	Putigny, chevalier de	100
Rambault, La Nommée	Rambault, la Nommée	100
Raymond, Chevalier de	Raymond, chevalier de	100
Reals, Madame Fénelon de	Reals, madame Fénelon de	100
Reals, Sieur de	Reals, sieur de	100
Réalt, Sieur de	Réalt, sieur de	100
Regnault, Veuve	Regnault, veuve	100
Remond de Villognon, Chevalier de	Remond de Villognon, chevalier de	100
Rémonville, Sieur de	Rémonville, sieur de	100
Richard, Veuve	Richard, veuve	100
Richebourg, Monsieur de	Richebourg, monsieur de	100
Richer, Dame	Richer, dame	100
Ricouart, Sieur de	Ricouart, sieur de	100
Rimbertut, Sieur de	Rimbertut, sieur de	100
Ronsay, Sieur de	Ronsay, sieur de	100
Rousseau, Dame	Rousseau, dame	100
Rozel, Marquis	Rozel, marquis	100
Sabran-Montblanc, Chevalier de	Sabran-Montblanc, chevalier de	100
Saint-Abre, Chevalier de	Saint-Abre, chevalier de	100
Saint-Fort, Mademoiselle de	Saint-Fort, mademoiselle de	100
Saint-Gelais, Marquis de	Saint-Gelais, marquis de	100
Saint-Hubert, Sieur de	Saint-Hubert, sieur de	100
Saint-Maure, Marquis de	Saint-Maure, marquis de	100
Saint-Michel, Veuve Charlotte de	Saint-Michel, veuve Charlotte de	100
Saint-Ovide, Sieur de	Saint-Ovide, sieur de	100
Saint-Père, Dame de	Saint-Père, dame de	100
Saint-Simon, Sieur de	Saint-Simon, sieur de	100
Saint-Vandrille, Sieur de	Saint-Vandrille, sieur de	100
Saint-Vincent, Sieur de	Saint-Vincent, sieur de	100
Sainte-Colombe, Monsieur de	Sainte-Colombe, monsieur de	100
Sainte-Hermine, Chevalier de	Sainte-Hermine, chevalier de	100
Sainte-Marthe, Sieur de	Sainte-Marthe, sieur de	100
Salagnac, Sieur de	Salagnac, sieur de	100
Santis, Monsieur de	Santis, monsieur de	100
Sarry, Sieur de	Sarry, sieur de	100
Sartre-Vacquerot, Sieur de	Sartre-Vacquerot, sieur de	100
Saujon, Chevalier de	Saujon, chevalier de	100
Saumery, Comte de	Saumery, comte de	100
Savary, Demoiselle	Savary, demoiselle	100
Savonnière, Sieur de	Savonnière, sieur de	100
Selle, Monsieur de	Selle, monsieur de	100
Serigny, Sieur de	Serigny, sieur de	100
Serpault, Veuve (alias Serpaud)	Serpault, veuve (alias Serpaud)	100
Simonnet, Sieur de	Simonnet, sieur de	100
Simonnet, Sieur de La Grossinière	Simonnet, sieur de La Grossinière	100
Sossiondo, Sieur de	Sossiondo, sieur de	100
Soubras, Monsieur de	Soubras, monsieur de	100
Sougé, Dame de	Sougé, dame de	100
Sougé, Sieur de	Sougé, sieur de	100
Sourant, La nommée	Sourant, la nommée	100
Spiet, Sieur de	Spiet, sieur de	100
Surgères, Vicomte de	Surgères, vicomte de	100
Talmont, Prince de	Talmont, prince de	100
Tenville, Sieur de	Tenville, sieur de	100
Tercinien (alias Tercinier)	Serpaut (alias Serpau, Serpaud, Serpault)	86
Tisné, Sieur de	Tisné, sieur de	100
Tonty, Sieur de	Tonty, sieur de	100
Torcy, Veuve du sieur de	Torcy, veuve du sieur de	100
Touchimbert, Madame de	Touchimbert, madame de	100
Tourlandry, Chevalier de	Tourlandry, chevalier de	100
Tréhard, Dame (Françoise Chartier)	Tréhard, dame (Françoise Chartier)	100
Trency de Charmail, Sieur de	Trency de Charmail, sieur de	100
Valigny, Sieur de	Valigny, sieur de	100
Vandé, Veuve du Sieur	Vandé, veuve du Sieur	100
Varennes, Sieur de	Varennes, sieur de	100
Vassé, Marquis de	Vassé, marquis de	100
Vaudreuil, Philippe de Rigaud Marquis de	Vaudreuil, Philippe de Rigaud marquis de	100
Vauzelard, Sieur de	Vauzelard, sieur de	100
Vaulx, Sieur de	Vauréal, sieur de	90
Vaulxminars, Sieur de	Vaulxminars, sieur de	100
Veronneau, Dame	Veronneau, dame	100
Vieulle, Marquis de	Vieulle, marquis de	100
Vieuxville, Marquise de	Vieuxville, marquise de	100
Vigny, Chevalier de	Vigny, chevalier de	100
Vilennes, Sieur de	Vilennes, sieur de	100
Villars-Lugein, Sieur de	Villars-Lugein, sieur de	100
Villautrays, Sieur de	Villautrays, sieur de	100
Villette, Marquis de	Villette, marquis de	100
Villiers, Sieur de	Villiers, sieur de	100
Villieu, Sieur de	Villieu, sieur de	100
Voutron, Sieur de	Voutron, sieur de	100
Vrevins, Marquis de	Vrevins, marquis de	100
Abbesse l’	Abbesse, l’	95
Adrien Philibert	Adrien, Philibert	97
Aleu Adrien	Aleu, Adrien	96
Allain Jacques	Allain, Jacques	97
Allaire Esther	Allaire, Esther	97
Alleaume Nicolas	Alleaume, Nicolas	97
Allenet Samuel	Allenet, Samuel	97
Antoine Jean	Antoine, Jean	96
Archambaud Pierre	Archambaud, Pierre	97
Archambault Jean	Archambault, Jean	97
Ardillon Jean	Ardillon, Jean	96
Ardouin Mathurin	Ardouin, Mathurin	97
Armand Jacques	Armand, Jacques	97
Arnaud Jacques	Arnaud, Jacques	97
Arnoult Jacques	Arnoult, Jacques	97
Aubruchet-Montolier Pierre	Aubruchet-Montolier, Pierre	98
Auday Martin	Auday, Martin	96
Aufray Louis	Aufray, Louis	96
Auger Louis	Auger, Louis	96
Augeraud François	Augeraud, François	97
Augereau François	Augereau, François	97
Autrusseau Jean	Autrusseau, Jean	97
Avoine André	Avoine, André	96
Babin Jacques	Babin, Jacques	96
Bachedergue Jean	Bachedergue, Jean	97
Badeau Jacques et Fabien	Badeau, Jacques et Fabien	98
Balan Jacques	Balan, Jacques	96
Banville de	Banville, de	96
Baran Amable	Baran, Amable	96
Barat Nicolas	Barat, Nicolas	96
Baraudin de	Baraudin, de	96
Bardet Simon	Bardet, Simon	96
Bargeau Jean	Bargeau, Jean	96
Bariat Michel	Bariat, Michel	96
Barillon Etienne	Barillon, Etienne	97
Barré Charles 	Barré, Charles 	96
Barrère de	Barrère, de	95
Barret Jean	Barret, Jean	96
Barrilly de	Barrilly, de	96
Barrisson Jean	Barrisson, Jean	97
Basmaison de	Basmaison, de	96
Bastard Jean	Bastard, Jean	96
Baubry Elie	Baubry, Elie	96
Baudouin Charles	Baudouin, Charles	97
Baudy Jean	Baudy, Jean	95
Bault Jean	Bault, Jean	95
Bazin Nicolas	Bazin, Nicolas	96
Beauchesne de	Beauchesne, de	96
Beaucourt François	Beaucourt, François	97
Beaules de	Beaules, de	95
Beaulieu de	Beaulieu, de	96
Beaulieu-Legris Noël	Beaulieu-Legris, Noël	97
Beaumont de	Beaumont, de	96
Beaussan de	Beaussan, de	96
Beauvais Jean	Beauvais, Jean	96
Beauville de	Beauville, de	96
Beauvoilier de	Beauvoilier, de	97
Becheron de	Becheron, de	96
Belisle de	Bellisle de	95
Belmont Pierre	Belmont, Pierre	97
Belnau Joseph	Belnau, Joseph	96
Belot Joseph	Belot, Joseph	96
Bélugard Dupin de	Bélugard, Dupin de	97
Benard Michel	Benard, Michel	96
Benault Dame	Benault, Dame	96
Benezy Nicolas	Benezy, Nicolas	97
Benoist Pierre	Benoist, Pierre	97
Benoist Alexis	Benoist, Alexis	97
Bérissé Jean	Bérissé, Jean	95
Berny de	Berny, de	95
BettefortJean	Bettefort, Jean	93
Beuf Thomas	Beuf, Thomas	96
Beurte Fortin	Beurte, Fortin	96
Beuyer de	Beuyer, de	95
Bienville de	Bienville, de	96
Bigot Gilles	Bigot, Gilles	96
Bihoreau Denis	Bihoreau, Denis	97
Billaud Antoine François	Billaud, Antoine François	98
Biraut François	Biraut, François	97
Bizaut François	Bizaut, François	97
Blanchard Jean	Blanchard, Jean	97
Blanchard Antoine	Blanchard, Antoine	97
Blanchard Angélique	Blanchard, Angélique	97
Blanchet Louis	Blanchet, Louis	97
Boirand Cl Denis	Boirand, Cl Denis	97
Boisclairs de	Boisclairs, de	96
Boisdavid de	Boisdavid, de	96
Boishébert de	Boishébert, de	96
Boispinault de	Boispinault, de	97
Boisquenet de	Bois	90
Boisseau Christophe	Boisseau, Christophe	97
Boisson Pierre	Boisson, Pierre	97
Boitié chevalier de	Boitié, chevalier de	97
Bone chevalier de	Bone, chevalier de	97
Bonneau Jean et Pierre	Bonneau, Jean et Pierre	98
Bonneau Frères	Bonneau, Frères	96
Bonneau Louis	Bonneau, Louis	96
Bonneau Pierre	Bonneau, Pierre	97
Bonnet Simon	Bonnet, Simon	96
Bonneteau André	Bonneteau, André	97
Bontemps Jacques	Bontemps, Jacques	97
Bordegaraye de	Bordegaraye, de	97
Bossu Paul	Bossu, Paul	95
Boullineau Grégoire	Boullineau, Grégoire	97
Bourdin Jacques	Bourdin, Jacques	97
Bourge de	Bourges de 	95
Bourges de	Bourges de 	100
Bourgeaud François	Bourgeaud, François	97
Bourgeois Jean	Bourgeois, Jean	97
Bourville de	Bourville, de	96
Boussary Daniel	Boussary, Daniel	97
Bouyer André	Bouyer, André	96
Boyer Jean	Boyer, Jean	95
Bras Etienne	Bras, Etienne	96
Bréda de	Bréda, de	95
Breslay de	Breslay, M. de	95
Bressin de	Bressin, de	95
Breton François	Breton, François	97
Brisson Pierre	Brisson, Pierre	97
Brochant Claude et Jean	Brochant, Claude et Jean	98
Brun Antoine	Brun, Antoine	96
Bruneteau Joachim	Bruneteau, Joachim	97
Brunetier Jean	Brunetier, Jean	97
Bureau André	Bureau, André	96
Bureau Jeanne	Bureau, Jeanne	96
Bussac de	Bussac, de	95
Butran Pierre	Butran, Pierre	96
Cabanès feu	Cabanès, feu	95
Cadouche Ant. Dominique	Cadouche, Ant. Dominique	98
Caffaro de	Caffaro, de	95
Caille Isabelle 	Caille, Isabelle 	97
Calabrun Isidore	Calabrun, Isidore	97
Calmalh de	Calmalh, de	95
Calvimont de	Calvimont, de	96
Cambour de	Cambour, de	95
Candé Jacques	Candé, Jacques	96
Cappert David	Cappert, David	96
Caradec Paul	Caradec, Paul	96
Carrière François	Carrière, François	97
Causic Rolland	Causic, Rolland	97
Cazeneuve Michel de	Cazeneuve, Michel de	97
Chabannes de	Chabannes, de	96
Chabot Jacques	Chabot, Jacques	97
Chabot Léon	Chabot, Léon	95
Chabot de	Chabot, de	95
Chaineau Pierre dit La Violette	Neau	90
Chameau Christophe	Chameau, Christophe	97
Champagné de	Champagné, de	96
Champlain de	Champlain, de	96
Champmeslin de	Champmeslin, de	97
Champot François	Champot, François	97
Chantenay de	Chantenay, de	96
Chantereau Suzanne	Chantereau, Suzanne	97
Chanut Michel	Chanut, Michel	96
Charanville de	Charanville, de	97
Charlau François	Charlau, François	97
Charlot Jean	Charlot, Jean	96
Charmail de	Charmail, de	96
Charon Marc	Charon, Marc	96
Charpentier Pierre	Charpentier, Pierre	97
Charrier Louis	Charrier, Louis	97
Chasseriau Blaise	Chasseriau, Blaise	97
Chasseur Amadé de	Chasseur, Amadé de	97
Chateaugué de	Chateaugué, de	96
Châteauneuf de	Châteauneuf, de	96
Chauvry Charlot de	Chauvry, Charlot de	97
ChavIgny de	Chauvigny de	96
Chazel de	Chazel, de	95
Chetiveau de Roussel Claude	Chetiveau de Roussel, Claude	98
Cheureux Michel	Cheureux, Michel	97
Chevalier Jeanne	Chevalier, Jeanne	97
Chevalier Pierre	Chevalier, Pierre	97
Chevillon Jean	Chevillon, Jean	97
Chézac de	Chézac, de	95
Cholenec de	Cholenec, de	96
Chotard Elie	Chotard, Elie	96
Clavel de	Clavel, de	95
Clavier Antoine	Clavier, Antoine	97
Clément Antoine	Clément, Antoine	97
Clerbout J.B.	Clerbout, J.B.	96
Clerc du Guerteau,	Clerc du Guerteau	100
Clergeau François	Clergeau, François	97
Clergeau Simon	Clergeau, Simon	97
Coatéric de	Coatéric, de	95
Colinet François	Colinet, François	97
Combour de	Combour, de	95
Compant Antoine	Compant, Antoine	97
Cordier François	Cordier, François	97
Cornet Charles	Cornet, Charles	97
Cornu Henri	Cornu, Henri	96
Corraud-Duharot Nicolas	Corraud-Duharot, Nicolas	98
Courcelles de	Courcelles, de	96
Cousicot Jacques	Cousicot, Jacques	97
Cremon André	Cremon, André	96
D’albon Lefèvre	D’Albon, Lefèvre	97
Daniaud Thimottée	Daniaud, Thimottée	97
David Louis	David, Louis	96
David Sébastien	David, Sébastien	97
Deau Louis	Deau, Louis	95
Delacoste Jean	Delacoste, Jean	97
Delacroix Pierre	Delacroix, Pierre	97
Delacroix Jérôme	Delacroix, Jérôme	97
Delaistre François	Delaistre, François	97
Delarbre Pierre	Delarbre, Pierre	97
Delbrouck Henry	Delbrouck, Henry	97
Delouche François	Delouche, François	97
Denis Antoine	Denis, Antoine	96
Denizesery Jacques	Denizesery, Jacques	97
Depocimiro Pierre	Depocimiro, Pierre	97
Desmortiers Elie	Desmortiers, Elie	97
D’Espaigne Pierre	D’Espaigne, Pierre	97
Devaux Antoine	Devaux, Antoine	97
Devie Pierre	Devie, Pierre	96
Deville Louis	Deville, Louis	96
Dieterich Alexis	Dieterich, Alexis	97
Dieuze Jacques	Dieuze, Jacques	97
Dizé François	Dizé, François	96
Dodin Louis	Dodin, Louis	96
Donnet Léonard	Donnet, Léonard	96
Dorbey Jeanne-Suzanne	Dorbey, Jeanne-Suzanne	98
Drouillard Jacques	Drouillard, Jacques	97
Drouillard René	Drouillard, René	97
Drouin Nicolas	Drouin, Nicolas	97
Dubois Jean	Dubois, Jean	96
Dubois Honoré	Dubois, Honoré	96
Dubois Marie	Dubois, Marie	96
Ducarlot Raymond	Ducarlot, Raymond	97
Ducoudray Guimont	Ducoudray, Guimont	97
Dufort Léonard	Dufort, Léonard	96
Dufour François	Dufour, François	97
Duhamel Laurent	Duhamel, Laurent	97
Duport Jean	Duport, Jean	96
Dupré Pierre	Dupré, Pierre	96
Dupuis Vincent	Dupuis, Vincent	97
Dupuy Victoire	Dupuy, Victoire	97
Durand Pierre	Durand, Pierre	96
Durand Jean	Durand, Jean	96
Dutour Pierre	Dutour, Pierre	96
Duverger André	Duverger, André	96
Emine Nicolas	Emine, Nicolas	96
Encker Laurent	Encker, Laurent	97
Eschevins Charles	Eschevins, Charles	97
Esnard Jean	Esnard, Jean	96
Eston Jean	Eston, Jean	95
Etourneau Pierre	Etourneau, Pierre	97
Faizeau Pierre	Faizeau, Pierre	97
Faure Raymond	Faure, Raymond	96
Fausset François	Fausset, François	97
Favier Jean	Favier, Jean	96
Feliers Michel	Feliers, Michel	97
Fenis de	Fenis, de	95
Ferrare François	Ferrare, François	97
Ferrier Pierre	Ferrier, Pierre	97
Feuquières de	Feuquières, de	96
Fleury Louis	Fleury, Louis	96
Fleury Louis-Ch	Fleury, Louis-Ch	97
Fleury Jean	Fleury, Jean	96
Folleville de	Folleville, de	96
Fondelin de	Fondelin, de	96
Fontais de	Fontais, de 	95
Fontenay de	Fontenay, de	96
Fontenay-Montreuil de	Fontenay-Montreuil, de	98
Fontès de	Fontès, de	95
Fontriveaux de	Fontriveaux, de	97
Forant de	Forant, de	95
Forge de	Forge, de	95
Fortin François	Fortin, François	97
Fortis Burthe	Fortis, Burthe	96
Fouras de	Fouras, de	95
Fourneau Jean	Fourneau, Jean	96
Fournier Marie	Fournier, Marie	97
Fradet Louis	Fradet, Louis	96
Fragneau Laurent	Fragneau, Laurent	97
Fragneau André	Fragneau, André	96
Francy de	Francy, de	95
Froment Nicolas	Froment, Nicolas	97
Gabaret de	Gabaret	95
Gabert Antoine	Gabert, Antoine	97
Gabory Jean	Gabory, Jean	96
G.Aguignolle Mathurin	Gaguignolle, Mathurin	95
Gaillard Pierre	Gaillard, Pierre	97
Gallé Louis	Gallé, Louis	95
Gallien Michel	Gallien, Michel	97
Gapais Louis	Gapais, Louis	96
Garnier Charles	Garnier, Charles	97
Garnier Etienne	Garnier, Etienne	97
Garnier François	Garnier, François	97
Gascherie de	Gascherie, de	96
Gasnier Jacques	Gasnier, Jacques	97
Gaudineau Louis	Gaudineau, Louis	97
Gaulet Nicolas	Gaulet, Nicolas	97
Gaultier Louis	Gaultier, Louis	97
Gaultier Marie	Gaultier, Marie	97
Gaumont de	Gaumont, de	95
Gautron Etienne	Gautron, Etienne	97
Gauvain Jean-Baptiste	Gauvain, Jean-Baptiste	98
Gélineau Jean	Gélineau, Jean	96
Gémond Pierre	Gémond, Pierre	96
Geneien de	Geneien, de	95
Genevais Louis	Genevais, Louis	97
Gentil Pierre	Gentil, Pierre	96
Gerber Jacob	Gerber, Jacob	96
Germain Jean	Germain, Jean	96
Gerzau Louis	Gerzau, Louis	96
Gifford de	Gifford, de	95
Gill Abraham	Gill, Abraham	96
Gillard Thomas	Gillard, Thomas	97
Gillon Mathieu	Gillon, Mathieu	97
Girard Jean	Girard, Jean	96
Girardeau Jacques	Girardeau, Jacques	97
Giraud Pierre	Giraud, Pierre	96
Giraud Blaise	Giraud, Blaise	96
Giraudet Daniel	Giraudet, Daniel	97
Givry de	Givry, de	95
Gomme Pierre 	Gomme, Pierre 	96
Gosset Jean	Gosset, Jean	96
Goubelet Jean	Goubelet, Jean	96
Goudin Jeanne	Goudin, Jeanne	96
Gouineau Jean	Gouineau, Jean	96
Gourgues Claude	Gourgues, Claude	97
Gournet Antoine	Gournet, Antoine	97
Goursclas de	Goursclas, de	96
Goursolas de	Goursolas, de	96
GoutronJacques	Goutron, Jacques	93
Grabeuil Pierre	Grabeuil, Pierre	97
Gracineau François	Gracineau, François	97
Granau Philibert	Granau, Philibert	97
Grandchamps de	Grandchamps, de	97
Granguillaume Pierre	Granguillaume, Pierre	98
Grandpré de	Grandpré	95
Grandvil de	Grandvil, de	96
Grangé Pierre Antoine	Grangé, Pierre Antoine	98
Gravouil Louis	Gravouil, Louis	97
Grollier Jean Baptiste	Grollier, Jean Baptiste	98
Grollier Robert	Grollier, Robert	97
Groudel Philippe	Groudel, Philippe	97
Guaide Barthélémy	Guaide, Barthélémy	97
Guenegrad Jean	Guenegrad, Jean	97
Guerche de	Guerche, de	95
Guérin Louis	Guérin, Louis	96
Guérit Hilaire	Guérit, Hilaire	96
Guerre Charles	Guerre, Charles	97
Guet François	Guet, François	96
Guiaud François	Guiaud, François	97
Guilbaud Jacques	Guilbaud, Jacques	97
Guillaume Jacques	Guillaume, Jacques	97
Guilloirs Jean	Guilloirs, Jean	97
Guillon Jean	Guillon, Jean	96
Guillonneau René	Guillonneau, René	97
Guillot Joseph	Guillot, Joseph	97
Guy Samuel	Guy, Samuel	95
Hallé Antoine	Hallé, Antoine	96
Haston Louis	Haston, Louis	96
Hausen Jean-Hugo	Hausen, Jean-Hugo	97
Haynault Jean-Pierre	Haynault, Jean-Pierre	98
Hébert Etienne	Hébert, Etienne	96
Héraud Daniel	Héraud, Daniel	96
Héraud Jean	Héraud, Jean	95
Hérault François	Hérault, François	97
Hérissé Jean	Hérissé, Jean	95
Hervé Jean	Hervé, Jean	95
Himbert Jacques	Himbert, Jacques	97
Honoré François	Honoré, François	96
Houget Mathurin	Houget, Mathurin	97
Imbert François	Imbert, François	97
Jacquelin Pierre	Jacquelin, Pierre	97
Jahan René	Jahan, René	95
Jamet Pierre	Jamet, Pierre	96
Jamon Jean	Jamon, Jean	95
Jardeau Jean	Jardeau, Jean	96
Jaulin Jacques	Jaulin, Jacques	97
Jobert Pierre	Jobert, Pierre	96
Joly Jean	Joly, Jean	95
Joncoux de	Joncoux, de	95
Juge Jean	Juge, Jean	95
Julien Jacques	Julien, Jacques	97
Julien Louis	Julien, Louis	96
Kerjaumol de	Kerjaumol, de	96
Kusoret de, 	Kusoret, de	95
Labadie de,	Labadie, de	95
Laberie Arnaud	Laberie, Arnaud	97
Labernardais de	Labernardais, de	97
Lacroix de	Lacroix, de	95
Lafalconnière de	Lafalconnière, de	97
Lafaure Raymond	Lafaure, Raymond	97
Laffont Guillaume	Laffont, Guillaume	97
Lafilière de	Lafilière, de	96
Lafillière de	Lafillière, de	96
Lafon François	Lafon, François	96
Lafrégonnière de	Lafrégonnière, de	97
Lagarenne de	Lagarenne, de	96
Lagny de	Lagny, de	95
Lagorgendière de 	Lagorgendière, de 	97
Lagrange de	Lagrange, de	96
Lagrange-Beaucorps de	Lagrange-Beaucorps, de	98
Lagranville de	Lagranville, de	97
Lagrave Marie-Antoinette	Lagrave, Marie-Antoinette	98
Lahautemaison de	Lahautemaison, de	97
Lahaye Philippe	Lahaye, Philippe	97
Lajaille de	Lajaille, de	96
Lajauclière de	Lajauclière, de	96
Lajordanie de	Lajordanie, de	96
Lalance de	Lalance, de	95
Lalande Jean	Lalande, Jean	96
Lalande de	Lalande	95
Lamaison Jean	Lamaison, Jean	96
Lamaison Debois	Lamaison, Debois	97
Lamaisonfort de	Lamaisonfort, de	97
Lamartinière Jean	Lamartinière, Jean	97
Lamirande de	Lamirande, de	96
Lamorlière de	Lamorlière de 	100
Lamoussière de	Lamoussière, de	96
Lamothe-Aigron de	Lamothe-Aigron, de	97
La Motte-d’Eyran de	La Motte-d’Eyran, de	97
Lamustière de	Lamustière, de	96
Laneuville de	Laneuville, de	96
Langlume Pierre	Langlume, Pierre	97
Lanouiller de	Lanouiller, de	96
Larembergue de	Larembergue, de	97
Laresnière de	Laresnière, de	96
Larigaudière- Froger de	Larigaudière, Froger de	100
Larnage de	Larnage, de	95
La Rochalar de	La Rochalar, de	97
La Roche de	La Roche, de	96
La Ronde de	La Ronde, de	96
La Roulais de	La Roulais, de	96
La Roulière de	La Roulière, de	96
La Routière de	Laroutière, de	92
Lasalle-Desgouttes de	Lasalle-Desgouttes, de	98
Laserre Pierre	Laserre, Pierre	97
Lataille Jean	Lataille, Jean	96
Latour Pierre	Latour, Pierre	96
Latournerie de	Latournerie, de	97
Latresne de	Latresne, de	96
Latuillerie de	Latuillerie, de	97
Lavallette de	Lavallette, de	96
Lavardin de	Lavardin, de	96
Lavau Jean	Lavau, Jean	95
Laverne Marianne	Laverne, Marianne	97
Leboeuf Antoine	Leboeuf, Antoine	97
Leboeuf François	Leboeuf, François	97
Leboeuf Noël	Leboeuf, Noël	96
Leclerc Jacques	Leclerc, Jacques	97
Lecourt François	Lecourt, François	97
Lecoute Jean	Lecoute, Jean	96
Lecoz Tanguy	Lecoz, Tanguy	96
Ledu Catherine	Ledu, Catherine	97
Lefebvre Joseph	Lefebvre, Joseph	97
Lefèvre Pierre	Lefèvre, Pierre	96
Legand Jacques	Legand, Jacques	97
Léger François	Léger, François	96
Legrand François	Legrand, François	97
Legrand Jacques	Legrand, Jacques	97
Legrand Pierre	Legrand, Pierre	97
Legris Denis	Legris, Denis	96
Lehomme Marci	Lehomme, Marci	96
Lehoux François	Lehoux, François	97
Lemaître Joseph	Lemaître, Joseph	97
Lemasle Jean	Lemasle, Jean	96
Letard Guillaume	Letard, Guillaume	97
Lévécot Jean	Lévécot, Jean	95
L’Hardy Pierre-Louis	L’Hardy, Pierre-Louis	98
L’Homme Bernard	L’Homme, Bernard	97
Libaut Claude	Libaut, Claude	96
Libert Hercule	Libert, Hercule	97
Lignières de	Lignières, de	96
L’Illeau de	L’Illeau, de	96
Liizardais de	Lizardais de	96
Lompré Jean	Lompré, Jean	95
Lonchamps de	Lonchamps, de	96
Longchamps-Montendre de	Longchamps-Montendre, de	98
Longpré de	Longpré, de	95
Loué François	Loué, François	96
Louvergny de	Louvergny, de	96
Luteau René	Luteau, René	95
Mabile Claude-Thomas	Mabile, Claude-Thomas	98
Machefolière de	Machefolière, de	97
Maillot Jean	Maillot, Jean	96
Maisonville de	Maisonville, de	97
Malder Jean	Malder, Jean	96
Maleissie de	Maleissie, de	96
Malvault de	Malvault, de	96
Marchainville de	Marchainville, de	97
Marchand François	Marchand, François	97
Marchand Jean	Marchand, Jean	96
Marconnay de	Marconnay, de	96
Marin Jacques	Martin,Jacques	96
Mariol de	Mariol, de	95
Marot Isabelle	Marot, Isabelle	97
Martel de	Martel, de	95
Martin jean	Martin, Jean	96
Martin Louis	Martin, Louis	96
Martin Pierre	Martin, Pierre	96
Massé Jean	Massé, Jean	95
Massé Sébastien	Massé, Sébastien	96
Massiac de	Massiac, de	95
Massicot Michel	Massicot, Michel	97
Mauchrétien Charles	Mauchrétien, Charles	97
Mauclerc de	Mauclerc, de	96
Maury Félix	Maury, Félix	95
May Jean	May, Jean	95
Mayrat de	Mayrat, de	95
Mazoulier de	Mazoulier, de	96
Melon Jean	Melon, Jean	95
Menu Pierre	Menu, Pierre	96
Mercier Pierre	Mercier, Pierre	97
Mérique Jean	Mérique, Jean	96
Mesnard Jean	Mesnard, Jean	96
Mesnier Jacques	Mesnier, Jacques	97
Mesnier Paul	Mesnier, Paul	96
Methereau Pierre	Methereau, Pierre	97
Méthiveau Pierre	Méthiveau, Pierre	97
Meunier Jean	Meunier ,Jean	96
Mezy de	Mezy, de	95
Milet Jean	Milet, Jean	95
Mirmont de	Mirmont, de	95
Moisset de	Moisset	95
Momain Jean	Momain, Jean	96
Mongriveu François de	Mongriveu, François de	98
Monliart de	Monliart, de	96
Monnay André	Monnay, André	96
Monrioux de	Montrioux de	96
Monségur de	Monségur	95
Montésié Pierre et André	Montésié, Pierre et André	98
Montholon de	Montholon, de	96
Montlevrier de	Montlevrier, de	97
Monviou de	Monviou, de	95
Morainville de	Morainville, de	97
Moreau Jacques	Moreau, Jacques	97
Moreau Jean	Moreau, Jean	96
Moreau Louis	Moreau, Louis	96
Moreau Pierre	Moreau, Pierre	96
Mothé Mathurin	Mothé, Mathurin	96
Mouron François	Mouron, François	97
Moussion Louis	Moussion, Louis	97
Musinot de	Musinot, de	95
Nadeau Julien	Nadeau, Julien	96
Naudin Madeleine	Naudin, Madeleine	97
Naulet Jacques	Naulet, Jacques	97
Navarre Robert	Navarre, Robert	97
Nebout Jean	Nebout, Jean	96
Nion François	Nion, François	96
Niou Jean	Niou, Jean	95
Nique Jacques	Nique, Jacques	96
Noinville de	Noinville, de	96
Noireau Pierre	Noireau, Pierre	97
Nolivos de 	Nolivos, de 	95
Norey de	Norey, de	95
Normand Jean	Normand, Jean	96
Normandin Joupt	Normandin, Joupt	97
Nouailles de	Nouailles, de	96
Nugue Guillaume	Nugue, Guillaume	97
Pallette Antoine	Pallette, Antoine	97
Palliau Pierre	Palliau, Pierre	97
Parat Jacques	Parat, Jacques	96
Pardaillan de	Pardaillan, de	96
Paris de	Paris, de	95
Pastureau François	Pastureau, François	97
Patino de	Patino, de	95
Pavie Jean	Pavie, Jean	95
Payen Barthélémy	Payen, Barthélémy	97
Pelier Vincent	Pelier, Vincent	97
Pélissier André	Pélissier, André	96
Pelisson Guillaume	Pelisson, Guillaume	97
Pelletier Guillaume	Pelletier, Guillaume	97
Pelletier Jean	Pelletier, Jean	97
Pentrez de	Pentrez, de	95
Pépinet de	Pépinet, de	95
Perciot Gilles	Perciot, Gilles	97
Perony Robert	Perony, Robert	96
Perrais Olivier	Perrais, Olivier	97
Perrault Vincent	Perrault, Vincent	97
Perret Olivier	Perret, Olivier	97
Petit Fortis	Petit, Fortis	96
Petit Jean	Petit, Jean	95
Petitpas Isidore	Petitpas, Isidore	97
Petitteau Michel	Petitteau, Michel	97
Phelipon Pierre	Phelipon, Pierre	97
Pierremenu de	Pierremenu, de	96
Pinault Mathieu	Pinault, Mathieu	97
Piteau Jean	Piteau, Jean	96
Placier Nicolas	Placier, Nicolas	97
Pluschon Jean	Pluschon, Jean	96
Poemiero Pierre de	Poemiero, Pierre de	97
Poincy de	Poincy, de	95
Poirier Pierre	Poirier, Pierre	97
Pompadour de	Pompadour, de	96
Ponthieu de	Ponthieu, de	96
Pope Corneille et Laurent	Pope, Corneille et Laurent	98
Pouillou Henry	Pouillou, Henry	97
Poupart Jean-Baptiste	Poupart, Jean-Baptiste	98
Préau Louis	Préau, Louis	95
Préteseille de	Préteseille, de	96
Priou Mathurin	Priou, Mathurin	97
Purel Florent	Purel, Florent	96
Querton Jean	Querton, Jean	96
Quinault Pierre	Quinault, Pierre	97
Raboteau Constans	Raboteau, Constans	97
Raboin François	Raboin, François	97
Rambourg Etienne	Rambourg, Etienne	97
Raoulx Pierre	Raoulx, Pierre	96
Rastouit François	Rastouit, François	97
Ravenel de	Ravenel, de	95
Réals de	Réals, de	95
Renaud François	Renaud, François	97
Renaud Jean	Renaud, Jean	96
Renaudeau Louis	Renaudeau, Louis	97
Renaudin Pierre	Renaudin, Pierre	97
Renaudot François	Renaudot, François	97
Reveillac Jacques	Reveillac, Jacques	97
Richelet Nicolas-Pierre	Richelet, Nicolas-Pierre	98
Ricols de	Ricols, de	95
Ricouart de	Ricouart, de	96
Rigault Pierre-François	Rigault, Pierre-François	98
Rivière Jean	Rivière, Jean	96
Robecourt Geneviève et Marie	Robecourt, Geneviève et Marie	98
Robert Pierre	Robert, Pierre	96
Rochalar du 	Rochalar, du 	96
Rochechouart de	Rochechouart, de	97
Rochefort de	Rochefort, de	96
Rodier Paul	Rodier, Paul	96
Rolland François	Rolland, François	97
Rollandeau Jean	Rollandeau, Jean	97
Romagny de	Romagny, de	95
Ronega Jean	Ronega, Jean	96
Rouaux Pierre	Rouaux, Pierre	96
Roulet François	Roulet, François	97
Roulleau Antoine	Roulleau, Antoine	97
Roullet Gabriel	Roullet, Gabriel	97
Rousseau Jacques-André	Rousseau, Jacques-André	98
Rouvroy de	Rouvroy, de	95
Roux André	Roux, André	95
Roy Pierre	Roy, Pierre	95
Rozier Antoine et Germain	Rozier, Antoine et Germain	98
Ruis de	Ruis, de	95
Rulleau Antoine	Rulleau, Antoine	97
Ruolt de	Ruolt, de	95
Sabourin Jean	Sabourin, Jean	96
Sabran-Salperme de	Sabran-Salperme, de	97
Sabrevois de	Sabrevois de 	100
Saint-Aubin de	Saint-Aubin, de	97
Saint-Aulaire de	Saint-Aulaire, de	97
Saint-Cyr de	Saint-Cyr, de	96
Saint-Hubert de	Saint-Hubert, de	97
Saint-Lazare de	Saint-Lazare, de	97
Saint-Léon de	Saint-Léon, de	96
Saint-Martin Pierre	Saint-Martin, Pierre	97
Saint-Martin de	Saint-Martin, de	97
Saint-Rome de	Saint-Rome, de	96
Saint-Vallier de	Saint-Vallier, de	97
Saint-Victor de	Saint-Victor, de	97
Sainte-Gemme de	Sainte-Gemme, de	97
Salmon Pierre et Jacques	Salmon, Pierre et Jacques	98
Salomon François	Salomon, François	97
Salviat Edmond	Salviat, Edmond	97
Sardon Pierre	Sardon, Pierre	96
Sarret Pierre	Sarret, Pierre	96
Sartre de	Sartre, de	95
Sauvain Jeanne	Sauvain, Jeanne	97
Savary François	Savary, François	97
Sebrin Jacques	Sebrin, Jacques	97
Selle Florent	Selle, Florent	96
Serpoin Laurent	Serpoin, Laurent	97
Sicaud Etienne	Sicaud, Etienne	97
Silly de	Silly, de	95
Size Charles	Size, Charles	96
Smith Abigaël	Smith, Abigaël	96
Sordy Charles	Sordy, Charles	96
Sorlin Pierre	Sorlin, Pierre	96
Sossiondo de	Sossiondo, de	96
Stal Jean	Stal, Jean	95
Sureau Jean	Sureau, Jean	96
Tamagnon Hermitte	Tamagnon, Hermitte	97
Tanger Georges	Tanger, Georges	97
Ternin Julien	Ternin, Julien	96
Tesson Nicolas	Tesson, Nicolas	97
Testard Antoine	Testard, Antoine	97
Testart Etienne	Testart, Etienne	97
Tiébou Louis	Tiébou, Louis	96
Tieulet François	Tieulet, François	97
Tigné de	Tigné, de	95
Timbal JB	Timbal, JB	95
Todein Louis	Todein, Louis	96
Torcheboeuf-Lecomte Angélique et Victorine	Torcheboeuf-Lecomte, Angélique et Victorine	99
Tourisseau Marguerite	Tourisseau, Marguerite	98
Tribon H	Tribon, H	95
Trichereau François	Trichereau, François	97
Trichet François	Trichet, François	97
Vallée Paul	Vallée, Paul	95
Vallet Pierre	Vallet, Pierre	96
Varennes de Vaccans de	Varennes de Vaccans, de	98
Vassan de	Vassan, de	95
Vaulezard de	Vaulezard, de	96
Vaumorant de	Vaumorant, de	96
Vedeau Pierre	Vedeau, Pierre	96
Vendosme-Huet de	Vendosme-Huet, de	97
Venier de	Venier, de	95
Verneuil Marie	Verneuil, Marie	97
Verneuil de	Verneuil, de	96
Verret François	Verret, François	97
Verron Guillaume	Verron, Guillaume	97
Viaud Pierre	Viaud, Pierre	96
Vic de	Vic, de	95
Vidal Anne	Vidal, Anne	95
Vidal Jacques	Vidal, Jacques	96
Videau Nicolas	Videau, Nicolas	97
Vié Pierre	Vié, Pierre	95
Vienne-Busserolles de	Vienne-Busserolles, de	98
Vierneau Jean	Vierneau, Jean	96
Vieuxchamps de	Vieuxchamps, de	97
Vignaud Isaac	Vignaud, Isaac	96
Vigné de	Vigné, de	95
Vilain Nicolas	Vilain, Nicolas	97
Villardeau de	Villardeau, de	96
Villejouin de	Villejouin, de	96
Villeluisant-Hurault de	Villeluisant-Hurault, de	98
Villers-Framure de	Villers-Framure, de	97
Villette de	Villette, de	96
Villevieille de	Villevieille, de	97
Villiers de	Villiers, de	96
Vincendeau Jean	Vincendeau, Jean	97
Vincheguerre de	Vincheguerre, de	97
Vinet Jean	Vinet, Jean	95
Virfond Jean	Virfond, Jean	96
Viset Jean	Viset, Jean	95
Vitré Denis de	Vitré Denis, de	96
Vivant Pierre	Vivant, Pierre	96
Voland Grégoire	Voland, Grégoire	97
Vourpe Vincent	Vourpe, Vincent	97
Watteville Sigismond de?	Watteville Sigismond, de	100
Yon Pierre	Yon, Pierre	95
Albert Pierre	Albert, Pierre	96
Alexander Alexandre	Alexander, Alexandre	97
Amelineau Jean	Amelineau, Jean	97
Aubert Louis	Aubert, Louis	96
Ausmand Thomas	Ausmand, Thomas	97
Autain Pierre	Autain, Pierre	96
Babin Pierre	Babin, Pierre	96
Balafer Isaac	Balafer, Isaac	96
Bardel Simon	Bardel, Simon	96
Barbaud François	Barbaud, François	97
Barraud Alexis	Barraud, Alexis	97
Barrière François	Barrière, François	97
Bastien Pierre	Bastien, Pierre	97
Batard Jean	Batard, Jean	96
Baudouin Jean	Baudouin, Jean	96
Beau de la Vincende Charles	Beau de la Vincende, Charles	98
Beauclerc Milord	Beauclerc, Milord	97
Beaucours de	Beaucours, de	96
Beauharnais	Beauharnais 	100
Beauharnais-Beaumont de	Beauharnais-Beaumont, de	98
Beaujeu 	Beaujeu	100
Beauquaire de	Beauquaire, de	96
Beauregard M. de	Beauregard M, de	100
Béchet André	Béchet, André	95
Belugard de	Belugard, de	96
Benneville	Benneville, de	95
Bernard Geneviève	Bernard, Geneviève	97
Bernard Jacques	Bernard, Jacques	97
Bernardeau Marguerite	Bernardeau, Marguerite	98
Berny de 	Berny, de	95
Bertet de	Bertet, de	95
Bertet Joseph 	Bertet, Joseph 	96
Berthelot François	Berthelot, François	97
Berthelot Jacques	Berthelot, Jacques	97
Bertret Joachim	Bertret, Joachim	97
Béthune	E	90
Bigot Mlle	Bigot, Mlle	95
Billy de 	Billy de	100
Biron de	Biron, de	95
Bitaud Aimé	Bitaud, Aimé	95
Blanchard François	Blanchard, François	97
Blanchet Marie	Blanchet, Marie	97
Blémur de	Blémur, de	95
Boin Nicolas	Boin, Nicolas	96
Boinot Jean	Boinot, Jean	96
Boisdebon André	Boisdebon, André	97
Boisfermé de	Boisfermé, de	96
Boisseau Joseph	Boisseau, Joseph	97
Bonneteau Antoine	Bonneteau, Antoine	97
Bordier Etienne	Bordier, Etienne	97
Bouchet Michel	Bouchet, Michel	97
Boureau Laurent	Boureau, Laurent	97
Bourgeois Michel	Bourgeois, Michel	97
Bouriau Laurent	Bouriau, Laurent	97
Bouriaud Blaise	Bouriaud, Blaise	97
Bouron André	Bouron, André	96
Boyer Laurent	Boyer, Laurent	96
Brassac de	Brassac	95
Brelay Jacques	Brelay, Jacques	97
Bretauville de	Bretauville, de	97
Briaman Guillaume	Briaman, Guillaume	97
Brunet Antoine	Brunet, Antoine	97
Bureil Victor	Bureil, Victor	96
Cadeville	Capdeville	95
Cail Jean	Cail, Jean	95
Calbrun Isidore	Calbrun, Isidore	97
Calvet Jérôme	Calvet, Jérôme	96
Cantin François	Cantin, François	97
Casenare de	Casenare, de	96
Cassé François	Cassé, François	96
Catelin Isidore	Catelin, Isidore	97
Cavagnol de	Cavagnol, de	96
Chadouteau Louis	Chadouteau, Louis	97
Chancy de	Chancy, de	95
Chapelin Nicolas	Chapelin, Nicolas	97
Charles Joseph	Charles, Joseph	97
Charlet Michel	Charlet, Michel	97
Charnacé de	Charnacé, de	95
Charpentier Joseph	Charpentier, Joseph	97
Charrier Augustin	Charrier, Augustin	97
Chateaubardon	Chateaubardon, sieur de	90
Chateaugué	Chateaugué, de	95
Chatelier Pierre	Chatelier, Pierre	97
Chateauneuf de	Chateauneuf, de	97
Chateaurenard de	Chateaurenard, de	97
Chauveau Marie	Chauveau, Marie	97
Chauvry de	Chauvry, de	95
Cheverry de	Cheverry, de	96
Chevigny de	Chevigny, de	96
Chevreux René	Chevreux, René	96
Chezar de	Chezar, de	95
Chinson Jean	Chinson, Jean	96
Cholennec de	Cholennec, de	96
Claude Jean	Claude, Jean	96
Clerget Nicole	Clerget, Nicole	97
Coeffier Antoine	Coeffier, Antoine	97
Coetarie de	Coetarie, de	96
Combes de	Combes, de	95
Conflans 	Conflans, monsieur de	90
Confoulens Bernard	Confoulens, Bernard	97
Contrecoeur de	Contrecoeur, de	97
Corail Pierre	Corail, Pierre	96
Costar,Mme	Costar, Mme	95
Coudreau de	Coudreau, de	96
Coulombe M de	Coulombe de	95
Coulons chevalier de	Coulons, chevalier de	98
Courbon Blénac de	Courbon, Blénac de	97
Courbon Mme de 	Courbon, Mme de 	97
Coustand Arnaud	Coustand, Arnaud	97
Couturier l’abbé	Couturier, l’abbé	97
Cremont de	Cremont	95
Crémont de	Crémont, de	95
Cresnay Baron de	Cresnay, Baron de	97
Crezol de	Crezol, de	95
Culant M. de	Culant, M. de	96
D’amfreville chevalier	D’amfreville, chevalier	98
Damphoux Mme	Damphoux, Mme	96
Dan Laurent	Dan, Laurent	96
Dano chevalier	Dano, chevalier	97
Anqueville chevalier d’	Anqueville, chevalier d’	98
Antin marquis d’	Antin, marquis d’	97
Appougny d’	D'Appougny	95
D’Arcy marquis	D’Arcy, marquis	97
D’Ars madame	D’Ars, madame	96
D’Artagnan comte	D’Artagnan, comte	97
Dartaguiette Diron	Dartaguiette, Diron	97
David René	David, René	95
D’Escoublan chevalier	D’Escoublan, chevalier	98
Desfourneaux Garoye	Desfourneaux, Garoye	97
Desgouttes comte	Desgouttes, comte	97
Desmaisons Jean d’arvert	Desmaisons, Jean d’arvert	98
Didon Messac	Didon-Messac	100
Dietrich Alexis	Dietrich, Alexis	97
Donis Louis	Donis, Louis	96
Dorigné Pierre dit Solignonne	Lignon	90
D’0rsay	D'Amfreville	86
Dubillaud François	Dubillaud, François	97
Dubreuil Rampillon	Dubreuil, Rampillon	97
Duparc Baptiste	Duparc, Baptiste	97
Duparc Pierre	Duparc, Pierre	96
Dupau Thomas	Dupau, Thomas	96
Duplessis Michel	Duplessis, Michel	97
Dupuy Jean	Dupuy, Jean	95
Duquesne  Comte	Duquesne, comte	100
Durand Nicolas	Durand, Nicolas	97
Duras Mme de 	Duras, Mme de 	96
Duroch demoiselle	Duroch, demoiselle	97
Durocher Etienne	Durocher, Etienne	97
Duvillier Pasquier	Duvillier, Pasquier	97
Dyel Duparquet	Dyel, Duparquet	97
Egonnière Simon	Egonnière, Simon	97
Eno Jean-Baptiste	Eno, Jean-Baptiste	97
Ernault Pierre	Ernault, Pierre	97
Favereau René	Favereau, René	96
Favrot	Favrot, Monsieur de	90
Fénéraut Jean	Fénéraut, Jean	96
Ferou Louis	Ferou, Louis	96
Fetiveau Etienne	Fetiveau, Etienne	97
Flamenville	Flamen	90
Flatron Louis	Flatron, Louis	96
Fleschet Nicolas	Fleschet, Nicolas	97
Foligny de	Foligny	95
Fontemoing Emmanuel	Fontemoing, Emmanuel	97
Forant M. de	Forant, de	95
Forcade de	Forcade	95
Francheville de	Francheville, de	97
Freneau alias Fresneau	Fresneau	90
Gabaret M. de	Gabaret, de	95
Gabaret Pierre	Gabaret, Pierre	97
Gaboriau Sébastien	Gaboriau, Sébastien	97
Gachinard Jean	Gachinard, Jean	97
Gannes sieur de	Gannes, sieur de	97
Gapayer Henry	Gapayer, Henry	96
Gautier Augustin	Gautier, Augustin	97
Gautreau Etienne	Gautreau, Etienne	97
Gauville de	Gauville, de	96
Geay Pierre sieur de la Gasconnière	Banville, Sieur de	86
Georget François	Georget, François	97
Gérard Etienne	Gérard, Etienne	96
Gervais le frère	Gervais, le frère	97
Geslain Blaise	Geslain, Blaise	97
Gillet Pierre	Gillet, Pierre	96
Giloir Jean	Giloir, Jean	96
Giraud Jean	Giraud, Jean	96
Girenton de	Girenton, de	96
Giret Etienne	Giret, Etienne	96
Glapier chevalier de 	Glapier, chevalier de 	98
Godard de	Godard, de	95
Godineau François	Godineau, François	97
Goyon Jean-Baptiste	Goyon, Jean-Baptiste	97
Granchamps de	Granchamps, de	96
Granguillaume feu	Granguillaume 	95
Grondet Philippe	Grondet, Philippe	97
Grosset Jean	Grosset, Jean	96
Guay Pierre	Guay, Pierre	96
Guérin Pierre	Guérin, Pierre	96
Guibert Fleury	Guibert, Fleury	97
Guichene Pierre	Guichene, Pierre	97
Guillers de	Guillers, de	96
Guillomon Barthélémy	Guillomon, Barthélémy	97
Guillou Nicolas	Guillou, Nicolas	97
Hamon Jean	Hamon, Jean	95
Hémard Léonard	Hémard, Léonard	96
Hubert Antoine	Hubert, Antoine	97
Hupé antoine 	Hupé, antoine 	96
Huquet Thomas	Huquet, Thomas	96
Hutteau René	Hutteau, René	96
Huvé Jacques	Huvé, Jacques	96
Jaquet Louis de	Jaquet, Louis de	97
Jarret Pierre	Jarret, Pierre	96
Jarriay de	Jarriay, de	95
Joubert Jean	Joubert, Jean	96
Jussieu M. de	Jussieu, M. de	96
Karrer colonel de	Karrer, colonel de	97
Labarre Michel deLabarre	Labarre, Michel deLabarre	98
Labarre de	Labarre, de	95
Labiche de	Labiche, de	95
Laboittière de	Laboittière, de	96
Laborie de	Laborie	95
Labouchardière de	Labouchardière, de	97
Labrosse de	Labrosse, de	96
Labrousse Claude	Labrousse, Claude	97
Labuissonnière de	Labuissonnière, de	97
Lacloche de	Lacloche, de	96
Laclocheterie de	LaClocheterie, de	97
Lacombe Etienne	Lacombe, Etienne	97
Lacordinière de	Lacordinière, de	97
Lacorne de	Lacorne, de	95
Lacoste Jean	Lacoste, Jean	96
Lacroix Claude	Lacroix, Claude	97
Lafossinguant de 	Lafossinguant, de 	97
Lafuye de	Lafuye, de	95
Lagalissionière de 	Lagalissionière, de 	97
Lagarde Pierre	Lagarde, Pierre	97
Lagautrais Harpain de	Lagautrais Harpain, de	98
Lagorre André	Lagorre, André	96
Lajonquière de	Lajonquière, de	96
Lahaye de	Lahaye, de	95
Lamaison de	Lamaison, de	96
Lamesselière de	Lamesselière, de	97
Lamothe-Bigot de	Lamothe, Bigot de	97
Landrin Jacques	Landrin, Jacques	97
Langerie de	Langerie, de	96
Langevinière de	Langevinière, de	97
Langlade Jean	Langlade, Jean	96
Lanoue St-Martin	Martin	90
Laperlier Philibert	Laperlier, Philibert	97
Laplagne de	Laplagne, de	96
Larochalar, M de	Larochalar, de	95
Laroche de	Laroche	95
Larochejaquelein de	Larochejaquelein, de	97
Laronde de	Laronde, de	95
Laroutière chevalier de	Laroutière, chevalier de	98
Lasausaye de	Lasausaye, de	96
Latraisne de	Latraisne, de	96
Latrémouille de	Latrémouille, de	97
Lauberdrie Baudouin de	Lauberdrie, Baudouin de	98
Laugerie de	Laugerie, de	96
Law Guillaume	Law, Guillaume	96
Legras dit sans-façon	Legras	90
Lelatteur Pierre	Lelatteur, Pierre	97
Lesormel de	Lesormel, de	96
L’étanduère de	L’étanduère, de	96
Liebon, Jean dit Bonper	Jean	90
Liesta de	Liesta, de	95
Ligouyer, Madame de,	Ligouyer, Madame de	100
l’Illeau de	L’Illeau, de	96
Linières de	Linières, de	95
Linois de	Linois, de	95
Longchamps de	Longchamps, de	96
Lopinot de	Lopinot	95
Louis Etienne	Louis, Etienne	96
Loumeau Pierre	Loumeau, Pierre	97
Macarty de	Macarty, de	95
Marty de	Marty, de	95
Macquillé de	Macquillé, de	96
Maindre Etiene	Maindre, Etiene	97
Maindron Jean	Maindron, Jean	96
Mallet Marie Jeanne	Mallet, Marie Jeanne	97
Maillevaud de	Maillevaud, de	96
Marcellange de	Marcellange, de	97
Marion François	Marion, François	97
Marion Pierre	Marion, Pierre	96
Marissy Joseph	Marissy, Joseph	97
Marolles Philippe de	Marolles, Philippe de	98
Martel Pierre	Martel, Pierre	96
Martin Jean	Martin, Jean	96
Martineau Pierre	Martineau, Pierre	97
Martou de	Marthou de	95
Massieu de	Massieu, de	95
Massilieu de	Massilieu, de	96
Mathieu Gabriel	Mathieu, Gabriel	97
Meistre Jean	Meistre, Jean	96
Melle Charles	Melle, Charles	96
Meloise de	Meloise, de	95
Melu Jacques	Melu, Jacques	96
Menneville de	Menneville, de	96
Méré-Brossin de	Méré-Brossin, de	96
Mérué Fontaine de	Mérué, Fontaine de	97
Merveilleux de	Merveilleux, de	97
Meschin de	Meschin	95
Mesmes Le Baillé de	Mesmes, Le Baillé de	97
Meunier Joseph	Meunier, Joseph	97
Meynier Guillaume	Meynier, Guillaume	97
Micheau Jacques	Micheau, Jacques	97
Michel Augustin	Michel, Augustin	97
Michel Louis	Michel, Louis	96
Monbron Pierre	Monbron, Pierre	97
 Mondrelois de	Mondrelois, de	96
Mondrelois de	Mondrelois, de	96
Monguy Pierre 	Monguy, Pierre	96
Montigny de	Montigny, de	96
Montvert de	Montvert, de	96
Morailleau François	Morailleau, François	97
Mullon Jean	Mullon, Jean	96
Nadau François	Nadau, François	96
Neveu Charles	Neveu, Charles	96
Noé de	Noé, de	95
Nolent d’Emauville de	Nolent d’Emauville, de	98
Nolinos de	Nolinos, de	95
Nouvant François	Nouvant, François	97
Pardieu de Berteville de	Pardieu de Berteville, de	98
Parlan de	Parlan, de	95
Patoizeau Jean	Patoizeau, Jean	97
Pavan de	Pavan, de	95
Penaud Jacques	Penaud, Jacques	97
Penaud Jean	Penaud, Jean	96
Penotay Jean	Penotay, Jean	96
Petiot Henry	Petiot, Henry	96
Pichaud Charles	Pichaud, Charles	97
Pictersz de Wilde Simon	Pictersz de Wilde, Simon	98
Pinault René	Pinault, René	96
Pineau Dom	Pineau, Dom	95
Pineteau Pierre	Pineteau, Pierre	97
Pinsonneau François	Pinsonneau, François	97
Piot Jean	Picot,Jean	95
Poitiers François	Poitiers, François	97
Pont Paul de	Pont Paul, de	96
Pontfarcy de	Pontfarcy, de	96
Portet Jean	Portet, Jean	96
Poupard Jean	Poupard, Jean	96
Prigent Le Moal	Prigent, Le Moal	97
Priou Pierre	Priou, Pierre	96
Quierthon François	Quierthon, François	97
Raby François	Raby, François	96
Raimond Pierre	Raimond, Pierre	97
Réals de Borcal de	Réals de Borcal, de	97
Reingle Jean	Reingle, Jean	96
Renard Edme	Renard, Edme	96
Renne Etienne	Renne, Etienne	96
Réquiston de	Réquiston, de	96
Ressous de	Ressous, de	95
Riou Olivier	Riou, Olivier	96
Robert Jean	Robert ,Jean	96
Robin Marie	Robin, Marie	96
Rochebouet de	Rochebouet, de	96
Roquecave de	Roquecave, de	96
Saillant de	Saillant, de	96
Saint-Maimy de	Saint-Maimy, de	97
Saint-Marcel de	Saint-Marc	90
Saint-Paupin Lignier de	Saint-Paupin Lignier, de	98
Saint-Pierre de	Saint-Pierre, de	97
Sale Pierre	Sale, Pierre	96
Salgnac de	Salagnac de	95
Saulger de	Saulger	95
Sauvage Philippe	Sauvage, Philippe	97
Schaap Claas 	Schaap, Claas 	96
Schonherr Gabriel	Schonherr, Gabriel	97
Seel de	Seel, de	95
Simonde	E	90
Sormel de	Sormel, de	95
Surblé de	Surblé, de	95
Thiverny de	Thiverny, de	96
Thomas Matturin	Thomas, Matturin	97
Tixier Nicolas	Tixier, Nicolas	97
Travers Hubert	Travers, Hubert	97
Valette M. de	Valette de	95
Veaumimars de	Veaumimars, de	96
Vergés de	Vergés, de	95
Vienne M. de	Vienne de	95
Vieuxchant de	Vieuxchant, de	96
Villarzel de	Villarzel, de	96
Villefranche de 	Villefranche, de 	97
Villeluisant de 	Villeluisant, de 	97
Villeneuve de	Villeneuve, de	96
Villette madame de	Villette, madame de	97
Villiers-Fransure de	Villiers-Fransure, de	98
Volivert Thomas	Volivert, Thomas	97
Volvire de	Volvire, de	95
Vouillay de	Vouillay, de	96
Vozain Olivier de	Vozain, Olivier de	97
Africain,l	Africain, l'	95
Agathe,l'	Agathe, l'	95
Aimable,l'	L'Aimable	95
Amphitrite,l'	Amphitrite, l'	96
Apollon,le vaisseau l'	Apollon, le vaisseau l'	98
Atalante,l	L'Atalante	95
Aurore,la frégate l'	Aurore, la frégate l'	97
Baron de la Fauche,le navire le	Baron de la Fauche, le navire le	98
Bellone,la frégate	Bellone, la frégate la	95
Brutal,le vaisseau le	Brutal, le vaisseau le	98
Cavalier,le	Cavalier, le	96
Chancelier,le	Chancelier, le	96
Charente,la flûte la 	Charente, la flûte la	97
Chasseur,le vaisseau le	Chasseur, le vaisseau le	98
Cheval volant,le	Cheval volant, le	97
Constant,le vaisseau le	Constant, le vaisseau le	98
Cowentry,le	Cowentry, le	96
Cygne,la flûte le	Cygne, la flûte le	97
Dame Clasina,la	Dame Clasina, la	97
Deux frères,les	Deux frères, les	97
Découverte,la	Découverte ,la	96
Diane,la frégate la	Diane, la frégate la	97
Dragon,le brûlot le	Dragon, le brûlot le	97
Duchesse de Berry,la frégate la	Duchesse de Berry, la frégate la	98
Eclair,l'	L'Eclair	95
Elisabeth,la flûte l'	Elisabeth, la flûte l'	97
Entreprise,l'	Entreprise, l'	96
Etoile,la corvette l'	Etoile, la corvette l'	98
Fortune de Hambourg,la	Fortune de Hambourg, la	98
François d'Assise,le vaisseau le	François d'Assise, le vaisseau le	98
Fulminant,le vaisseau le	Fulminant, le vaisseau le	98
Gaillarde,la frégate la	Gaillarde, la frégate la	98
Galant,le vaisseau le	Galant, le vaisseau le	98
Galante,le ponton la	Galante, le ponton la	98
Galathée,la	Galathée, la	95
Grand Alexandre,le	Grand Alexandre, le	97
Grande Bretagne,la	Grande Bretagne, la	97
Griffon,le	Griffon, le	95
Hampton,la flûte la	Hampton, la flûte l'	95
Hermione,la frègate l'	Hermione, la frégate l'	98
Hermione,l'	Vaison, l'Evêque de	86
Héros,le vaisseau le	Héros, le vaisseau le	97
Héros,le	E	90
Illustre,le ponton l'	Illustre, le ponton l'	98
Indien,le vaisseau l'	Indien, le vaisseau l'	98
Jason,le vaisseau le	Jason, le vaisseau le	98
Jeune Abraham,la flute le	Abraham	90
Jeune Simon,le vaisseau le	Jeune Simon, le vaisseau le	98
Junon,le vaisseau la	Junon, le vaisseau la	98
Juste,le vaisseau le 	Juste, le vaisseau le	98
Lion d'or,le	Lion d'Or, le	96
Loire,la flûte la	Loire, la flûte la	97
Louise,la frégate la	Louise, la frégate la	97
Magnanime,le vaisseau le	Magnanime, le vaisseau le	98
Marchand,la flûte le	Marchand, la flûte le	97
Marie,la	Marie, la	95
Marie-Anne,la	Marie-Anne, la	96
Maure,le vaisseau le	Maure, le vaisseau le	98
Medemblick,le vaisseau le	Medemblick, le vaisseau le	98
Mercure,le vaisseau le	Mercure, le vaisseau le	98
Mignon,le vaisseau le	Mignon, le vaisseau le	98
Milfort,la frégate le	Milfort, la frégate le	98
Nieuport,le vaisseau le	Nieuport, le vaisseau le	98
Nymphe,la frégate la	Nymphe, la frégate la	97
Oriflamme,le vaisseau l'	Oriflamme, le vaisseau l'	98
Ours,le ponton l'	Ours, le ponton l'	97
Paix Couronnée,le vaisseau la	Paix Couronnée, le vaisseau la	98
Paon,la frégate le 	Paon, la frégate le 	97
Poli,le vaisseau le	Poli, le vaisseau le	97
Pontchartrain,le vaisseau le	Pontchartrain, le vaisseau le	98
Prince,le vaisseau le 	Prince, le vaisseau le	98
Prince des Asturies,le vaisseau le	Prince des Asturies, le vaisseau le	99
Princesse,le vaisseau la	Princesse, le vaisseau la	98
Profond,le vaisseau le	Profond, le vaisseau le	98
Providence,la	Providence, la	96
Reine des Anges,la	Reine des Anges, la	97
Reine d'Espagne,le vaisseau la	Reine d'Espagne, le vaisseau la	98
René,la frégate le	René, la frégate le	97
Renommée,la frégate la	Renommée, la frégate la	98
Rusland,la flûte le	Rusland, la flûte le	97
Saint-Antoine,le navire le	Saint-Antoine, le navire le	98
Saint-Christophe,le 	Saint-Christophe	95
Saint-Gilles,le 	Saint-Gilles, le 	97
Saint-Jean-Evangéliste,le vaisseau le	Saint-Jean-Evangéliste, le vaisseau le	99
Saint-Joseph,le	Saint-Joseph, le	97
Saint-Louis,le navire	Saint-Louis, le navire	98
Saint-Paul-de-Pont,le vaisseau le 	Saint-Paul-de-Pont, le vaisseau le 	99
Saint-Pierre,la flûte hollandaise le	Saint-Pierre, la flûte hollandaise le	99
Samslack,le vaisseau le	Samslack, le vaisseau le	98
Sirène,la frégate la	Sirène, la frégate la	97
Sphère,la frégate la	Sphère, la frégate la	97
Subtile,la frégate la	Subtile, la frégate la	98
Thétis,la frégate la	Thétis, la frégate la	97
Triton,le vaisseau le	Triton, le vaisseau le	98
Valeur,la frégate la	Valeur, la frégate la	97
Vénus,la frégate la	Vénus, la frégate la	97
Vermandois,le vaisseau le	Vermandois, le vaisseau le	98
Victoire,la frégate la	Victoire, la frégate la	98
Victorieux,le vaisseau le	Victorieux, le vaisseau le	98
Vierge de Grâce,le vaisseau la	Vierge de Grâce, le vaisseau la	98
Vièrge de Grâce, la frégate la	Vierge de Grâce, la frégate la	98
Acadie,Canada,Plaisance	Acadie, Canada, Plaisance	96
Assiente,compagnie de l'	Assiente, compagnie de l'	98
Courpignac (près Montendre)	Courpignac	90
Fille (voir Farcot)	Fille	90
Garde-Côte	Garde-côte	100
Latremblade	La Tremblade	96
Lupin,fort	Lupin, fort	95
Madame île	Madame, île	95
Martinique,île de la	Martinique, île de la	97
Officiers.	Officiers	100
